{"cameraMode":{"drawMode":0,"name":"Shaded","section":"Shading Mode"},"sceneLighting":false,"audioPlay":false,"sceneViewState":{"showFog":true,"showMaterialUpdate":false,"showSkybox":false,"showFlares":true,"showImageEffects":true,"showParticleSystems":true},"in2DMode":false,"pivot":{"x":1.2030599117279053,"y":0.9527648687362671,"z":-0.07004499435424805},"rotation":{"x":0.01499648205935955,"y":0.6779721975326538,"z":-0.013824081048369408,"w":0.7348138689994812},"size":1.7981276512145997,"orthographic":false}